﻿Part,Manufacturer,Part Number,Quantity,Price ($),Footprint (mm²),Description
Rset,Vishay-Dale,CRCW040276K8FKED,1,0.01,3,Resistance: 76.8 kΩ  Tolerance: 1.0%  Power: 63 mW  
Cin,Taiyo Yuden,MSAST32NSB5106KTNA01,1,0.11531,14.7,Cap: 10 µF  Total Derated Cap: 3.7 µF  VDC: 25 V  ESR: 4.89 mΩ  Package: 1210  
Rpgood,Vishay-Dale,CRCW0603100KFKEA,1,0.01,4.68,Resistance: 100 kΩ  Tolerance: 1.0%  Power: 100 mW  
Css,MuRata,GRM155R61A102KA01D,1,0.01,3,Cap: 1 nF  Total Derated Cap: 1 nF  VDC: 10 V  ESR: 1 mΩ  Package: 0402  
Cout,MuRata,GRM21BD70J226ME44L,1,0.1,6.75,Cap: 22 µF  Total Derated Cap: 11 µF  VDC: 6.3 V  ESR: 1 mΩ  Package: 0805  
L1,Wurth Elektronik,74438336010HT,1,0.936,16,L: 1 µH  DCR: 28.5 mΩ  IDC: 5.82 A  
U1,Texas Instruments,TPS62903QRYTR1,1,0.74,7.5,
Rmode,Vishay-Dale,CRCW040240K2FKED,1,0.01,3,Resistance: 40.2 kΩ  Tolerance: 1.0%  Power: 63 mW  